model_name,params,accuracy,f1_macro,f1_weighted,recall_macro,recall_weighted,precision_macro,precision_weighted,TP,TN,FP,FN,total_samples,total_time
Pipeline,"{'gabor': 0, 'k': 40}",0.7612551159618008,0.5693184713589649,0.7647852858557221,0.5715910629029877,0.7612551159618008,0.5674773116065992,0.7685167408300735,206,3142,552,498,4398,0:00:00.130648
