model_name,params,accuracy,f1_macro,f1_weighted,recall_macro,recall_weighted,precision_macro,precision_weighted,TP,TN,FP,FN,total_samples,total_time
Pipeline,"{'gabor': 0, 'k': 40}",0.4290657439446367,0.3912838122470863,0.3624226144225687,0.494384814152256,0.4290657439446367,0.4897085610200364,0.5064691386036896,52,196,38,292,578,0:00:00.020944
