model_name,params,accuracy,f1_macro,f1_weighted,recall_macro,recall_weighted,precision_macro,precision_weighted,TP,TN,FP,FN,total_samples,total_time
Pipeline,"{'gabor': 1, 'k': 50}",0.4602076124567474,0.433276347546259,0.40976492579900725,0.5205476048499305,0.4602076124567474,0.5325847123719464,0.5545777537826422,70,196,38,274,578,0:00:00.020915
