model_name,params,accuracy,f1_macro,f1_weighted,recall_macro,recall_weighted,precision_macro,precision_weighted,TP,TN,FP,FN,total_samples,total_time
Pipeline,"{'gabor': 1, 'k': 50}",0.6887221464301956,0.5089613548377467,0.7109473626774393,0.5157657380518778,0.6887221464301956,0.5117950141612091,0.7386441245747037,184,2845,849,520,4398,0:00:00.012966
