model_name,params,accuracy,f1,recall,precision,TP,TN,FP,FN,total_samples,total_time
Pipeline,"{'gabor': 1, 'k': 50}",0.46366782006920415,0.359504132231405,0.25290697674418605,0.6214285714285714,87,181,53,257,578,0:00:00.017923
