model_name,params,accuracy,f1,recall,precision,TP,TN,FP,FN,total_samples,total_time
Pipeline,"{'gabor': 1, 'k': 50}",0.46539792387543255,0.5008077544426495,0.45058139534883723,0.5636363636363636,155,114,120,189,578,0:00:00.002992
