model_name,params,accuracy,f1_macro,f1_weighted,recall_macro,recall_weighted,precision_macro,precision_weighted,TP,TN,FP,FN,total_samples,total_time
Pipeline,{'gabor': 0},0.7723965438835835,0.5633648415505792,0.7687558339842574,0.5615521330659053,0.7723965438835835,0.5656217754541575,0.7653170459980799,177,3220,474,527,4398,0:00:00.193485
