model_name,params,accuracy,f1_macro,f1_weighted,recall_macro,recall_weighted,precision_macro,precision_weighted,TP,TN,FP,FN,total_samples,total_time
Pipeline,"{'gabor': 0, 'k': 50}",0.758981355161437,0.5661664392905866,0.7627955656391007,0.5685128986809076,0.758981355161437,0.564307710298589,0.7668387465337719,203,3135,559,501,4398,0:00:00.134682
